Workbook
Name Slicer_Product_Category: #N/A
Name Slicer_Region: #N/A
Name Slicer_Region1: #N/A
Name Slicer_Top_10?: #N/A

Sheet Dashboard

Sheet data
A1: Customer_ID | B1: Customer_Name | C1: Region | D1: Product_Category | E1: Sales | F1: Quantity | G1: Discount | H1: Order_Date | I1: Profit | J1: Timestamp | K1: Order Month
A2: CUST019 | B2: James Davis | C2: West | D2: Books | E2: 1036.09 | F2: 4 | G2: 0.2 | H2: 45392 | I2: 331.55 | J2: =NOW() -> 46275.422 | K2: =DATE(YEAR(H2),MONTH(H2),1) -> 45383
A3: CUST012 | B3: Robert Anderson | C3: West | D3: Clothing | E3: 1101.28 | F3: 3 | G3: 0.2 | H3: 45393 | I3: 440.51 | J3: =NOW() -> 46275.422 | K3: =DATE(YEAR(H3),MONTH(H3),1) -> 45383
A4: CUST017 | B4: James Taylor | C4: East | D4: Books | E4: 713.34 | F4: 17 | G4: 0 | H4: 45396 | I4: 285.34 | J4: =NOW() -> 46275.422 | K4: =DATE(YEAR(H4),MONTH(H4),1) -> 45383
A5: CUST005 | B5: Robert Anderson | C5: South | D5: Electronics | E5: 760.93 | F5: 4 | G5: 0.15 | H5: 45396 | I5: 161.7 | J5: =NOW() -> 46275.422 | K5: =DATE(YEAR(H5),MONTH(H5),1) -> 45383
A6: CUST030 | B6: James Wilson | C6: North | D6: Books | E6: 847 | F6: 12 | G6: 0.2 | H6: 45397 | I6: 271.04 | J6: =NOW() -> 46275.422 | K6: =DATE(YEAR(H6),MONTH(H6),1) -> 45383
A7: CUST007 | B7: Michael Anderson | C7: North | D7: Furniture | E7: 965.64 | F7: 8 | G7: 0.1 | H7: 45398 | I7: 304.18 | J7: =NOW() -> 46275.422 | K7: =DATE(YEAR(H7),MONTH(H7),1) -> 45383
A8: CUST001 | B8: Linda Wilson | C8: West | D8: Electronics | E8: 1317.53 | F8: 12 | G8: 0.05 | H8: 45398 | I8: 312.91 | J8: =NOW() -> 46275.422 | K8: =DATE(YEAR(H8),MONTH(H8),1) -> 45383
A9: CUST026 | B9: Mary Davis | C9: East | D9: Furniture | E9: 1074.47 | F9: 6 | G9: 0.2 | H9: 45401 | I9: 300.85 | J9: =NOW() -> 46275.422 | K9: =DATE(YEAR(H9),MONTH(H9),1) -> 45383
A10: CUST009 | B10: Linda Jackson | C10: Central | D10: Books | E10: 501.54 | F10: 11 | G10: 0.05 | H10: 45401 | I10: 190.59 | J10: =NOW() -> 46275.422 | K10: =DATE(YEAR(H10),MONTH(H10),1) -> 45383
A11: CUST010 | B11: David Thomas | C11: Central | D11: Clothing | E11: 737.31 | F11: 2 | G11: 0.05 | H11: 45401 | I11: 350.22 | J11: =NOW() -> 46275.422 | K11: =DATE(YEAR(H11),MONTH(H11),1) -> 45383
A12: CUST014 | B12: Emma Davis | C12: West | D12: Office Supplies | E12: 1572.82 | F12: 6 | G12: 0.05 | H12: 45402 | I12: 672.38 | J12: =NOW() -> 46275.422 | K12: =DATE(YEAR(H12),MONTH(H12),1) -> 45383
A13: CUST014 | B13: David Thomas | C13: Central | D13: Books | E13: 1343.13 | F13: 14 | G13: 0.15 | H13: 45404 | I13: 456.66 | J13: =NOW() -> 46275.422 | K13: =DATE(YEAR(H13),MONTH(H13),1) -> 45383
... A201: CUST016 | B201: David Thomas | C201: South | D201: Clothing | E201: 928.32 | F201: 2 | G201: 0.05 | H201: 45754 | I201: 440.95 | J201: =NOW() -> 46275.422 | K201: =DATE(YEAR(H201),MONTH(H201),1) -> 45748

Sheet CustomerSummary
A1: CustorID | B1: CustomerName | C1: Total Purchase (Sales) | D1: Total Profit | E1: Order Count | F1: Rank | G1: Top 10?
A2: CUST004 | B2: David Anderson | C2: =SUMIF(data!$B$2:$B$201, B2,data!$E$2:$E$201) -> 5465.71 | D2: =SUMIF(data!$B$2:$B$201,B2,data!$I$2:$I$201) -> 1937.85 | E2: =COUNTIF(data!$B$2:$B$201,B2) -> 6 | F2: =RANK(C2,$C$2:$C$28) -> 19 | G2: =IF(F2<=10,"Yes","No") -> No
A3: CUST021 | B3: David Brown | C3: =SUMIF(data!$B$2:$B$201, B3,data!$E$2:$E$201) -> 11915.83 | D3: =SUMIF(data!$B$2:$B$201,B3,data!$I$2:$I$201) -> 4061.91 | E3: =COUNTIF(data!$B$2:$B$201,B3) -> 13 | F3: =RANK(C3,$C$2:$C$28) -> 3 | G3: =IF(F3<=10,"Yes","No") -> Yes
A4: CUST015 | B4: David Davis | C4: =SUMIF(data!$B$2:$B$201, B4,data!$E$2:$E$201) -> 3819.14 | D4: =SUMIF(data!$B$2:$B$201,B4,data!$I$2:$I$201) -> 1273.19 | E4: =COUNTIF(data!$B$2:$B$201,B4) -> 4 | F4: =RANK(C4,$C$2:$C$28) -> 23 | G4: =IF(F4<=10,"Yes","No") -> No
A5: CUST014 | B5: David Smith | C5: =SUMIF(data!$B$2:$B$201, B5,data!$E$2:$E$201) -> 1672.88 | D5: =SUMIF(data!$B$2:$B$201,B5,data!$I$2:$I$201) -> 569.64 | E5: =COUNTIF(data!$B$2:$B$201,B5) -> 2 | F5: =RANK(C5,$C$2:$C$28) -> 25 | G5: =IF(F5<=10,"Yes","No") -> No
A6: CUST009 | B6: David Thomas | C6: =SUMIF(data!$B$2:$B$201, B6,data!$E$2:$E$201) -> 7020.38 | D6: =SUMIF(data!$B$2:$B$201,B6,data!$I$2:$I$201) -> 2919.45 | E6: =COUNTIF(data!$B$2:$B$201,B6) -> 7 | F6: =RANK(C6,$C$2:$C$28) -> 14 | G6: =IF(F6<=10,"Yes","No") -> No
A7: CUST010 | B7: Emma Davis | C7: =SUMIF(data!$B$2:$B$201, B7,data!$E$2:$E$201) -> 11398.32 | D7: =SUMIF(data!$B$2:$B$201,B7,data!$I$2:$I$201) -> 3846.93 | E7: =COUNTIF(data!$B$2:$B$201,B7) -> 12 | F7: =RANK(C7,$C$2:$C$28) -> 4 | G7: =IF(F7<=10,"Yes","No") -> Yes
A8: CUST020 | B8: Emma Taylor | C8: =SUMIF(data!$B$2:$B$201, B8,data!$E$2:$E$201) -> 5014.96 | D8: =SUMIF(data!$B$2:$B$201,B8,data!$I$2:$I$201) -> 1909.57 | E8: =COUNTIF(data!$B$2:$B$201,B8) -> 5 | F8: =RANK(C8,$C$2:$C$28) -> 21 | G8: =IF(F8<=10,"Yes","No") -> No
A9: CUST011 | B9: Emma Wilson | C9: =SUMIF(data!$B$2:$B$201, B9,data!$E$2:$E$201) -> 8543.97 | D9: =SUMIF(data!$B$2:$B$201,B9,data!$I$2:$I$201) -> 2718.84 | E9: =COUNTIF(data!$B$2:$B$201,B9) -> 8 | F9: =RANK(C9,$C$2:$C$28) -> 7 | G9: =IF(F9<=10,"Yes","No") -> Yes
A10: CUST019 | B10: James Davis | C10: =SUMIF(data!$B$2:$B$201, B10,data!$E$2:$E$201) -> 6255.7 | D10: =SUMIF(data!$B$2:$B$201,B10,data!$I$2:$I$201) -> 2122.82 | E10: =COUNTIF(data!$B$2:$B$201,B10) -> 6 | F10: =RANK(C10,$C$2:$C$28) -> 15 | G10: =IF(F10<=10,"Yes","No") -> No
A11: CUST017 | B11: James Taylor | C11: =SUMIF(data!$B$2:$B$201, B11,data!$E$2:$E$201) -> 5615.28 | D11: =SUMIF(data!$B$2:$B$201,B11,data!$I$2:$I$201) -> 2203.68 | E11: =COUNTIF(data!$B$2:$B$201,B11) -> 6 | F11: =RANK(C11,$C$2:$C$28) -> 18 | G11: =IF(F11<=10,"Yes","No") -> No
A12: CUST005 | B12: James Wilson | C12: =SUMIF(data!$B$2:$B$201, B12,data!$E$2:$E$201) -> 20774.74 | D12: =SUMIF(data!$B$2:$B$201,B12,data!$I$2:$I$201) -> 7077.92 | E12: =COUNTIF(data!$B$2:$B$201,B12) -> 20 | F12: =RANK(C12,$C$2:$C$28) -> 1 | G12: =IF(F12<=10,"Yes","No") -> Yes
A13: CUST028 | B13: John Brown | C13: =SUMIF(data!$B$2:$B$201, B13,data!$E$2:$E$201) -> 1450.99 | D13: =SUMIF(data!$B$2:$B$201,B13,data!$I$2:$I$201) -> 410.92 | E13: =COUNTIF(data!$B$2:$B$201,B13) -> 2 | F13: =RANK(C13,$C$2:$C$28) -> 26 | G13: =IF(F13<=10,"Yes","No") -> No
... A28: CUST003 | B28: Sarah Davis | C28: =SUMIF(data!$B$2:$B$201, B28,data!$E$2:$E$201) -> 5771.59 | D28: =SUMIF(data!$B$2:$B$201,B28,data!$I$2:$I$201) -> 2039.74 | E28: =COUNTIF(data!$B$2:$B$201,B28) -> 6 | F28: =RANK(C28,$C$2:$C$28) -> 17 | G28: =IF(F28<=10,"Yes","No") -> No

Sheet WhatIf
B1: WHAT-IF ANALYSIS: Discount Impact on Total Profit
A10: WHAT IF DATA | D10: CORRRNT DATA | G10: Discount Level | H10: Adjusted Total Profit | I10: Change vs Current
G11: 0 | H11: {=E13-SUMPRODUCT((G11-data!$G$2:$G$201)*data!$E$2:$E$201)} -> 87559.768 | I11: =H11-$D$5 -> 87559.768
A12: Adjusted Total Profit at New Discount | B12: 0.1 | D12: Total Sales (all orders) | E12: =SUM(data!$E$2:$E$201) -> 195217.76 | G12: 0.05 | H12: {=E14-SUMPRODUCT((G12-data!$G$2:$G$201)*data!$E$2:$E$201)} -> 9511.9668 | I12: =H12-$D$5 -> 9511.9668
A13: Adjusted Total Profit at New Discount | B13: {=E13-SUMPRODUCT(($B$12-data!$G$2:$G$201)*data!$E$2:$E$201)} -> 68037.992 | D13: Total Profit (current discounts) | E13: =SUM(data!$I$2:$I$201) -> 68287.01 | G13: 0.1 | H13: {=E15-SUMPRODUCT((G13-data!$G$2:$G$201)*data!$E$2:$E$201)} -> -249.0185 | I13: =H13-$D$5 -> -249.0185
A14: Profit Impact ($) | B14: =E13-B13 -> 249.0185 | D14: Current Average Discount | E14: =AVERAGE(data!$G$2:$G$201) -> 0.09725 | G14: 0.15 | H14: {=E16-SUMPRODUCT((G14-data!$G$2:$G$201)*data!$E$2:$E$201)} -> -10009.906 | I14: =H14-$D$5 -> -10009.906
A15: Profit Impact (%) | B15: =B14/E13 -> 0.0036466452 | G15: 0.2 | H15: {=E17-SUMPRODUCT((G15-data!$G$2:$G$201)*data!$E$2:$E$201)} -> -19770.795 | I15: =H15-$D$5 -> -19770.795
G16: 0.25 | H16: {=E18-SUMPRODUCT((G16-data!$G$2:$G$201)*data!$E$2:$E$201)} -> -29531.683 | I16: =H16-$D$5 -> -29531.683
G17: 0.3 | H17: {=E19-SUMPRODUCT((G17-data!$G$2:$G$201)*data!$E$2:$E$201)} -> -39292.57 | I17: =H17-$D$5 -> -39292.57

Sheet MonthlySales
A3: MONTHLY SALES & GROWTH
A4: Month | B4: Total Sales | C4: Total Profit | D4: Growth vs Prior Month
A5: 45383 | B5: =SUMIFS(data!$E$2:$E$201,data!$K$2:$K$201,A5) -> 19029.96 | C5: =SUMIFS(data!$I$2:$I$201,data!$K$2:$K$201,A5) -> 6244.01
A6: 45413 | B6: =SUMIFS(data!$E$2:$E$201,data!$K$2:$K$201,A6) -> 18507.34 | C6: =SUMIFS(data!$I$2:$I$201,data!$K$2:$K$201,A6) -> 6121.35 | D6: =(B6-B5)/B5 -> -0.027463011
A7: 45444 | B7: =SUMIFS(data!$E$2:$E$201,data!$K$2:$K$201,A7) -> 20187.51 | C7: =SUMIFS(data!$I$2:$I$201,data!$K$2:$K$201,A7) -> 6918 | D7: =(B7-B6)/B6 -> 0.090783981
A8: 45474 | B8: =SUMIFS(data!$E$2:$E$201,data!$K$2:$K$201,A8) -> 11609.04 | C8: =SUMIFS(data!$I$2:$I$201,data!$K$2:$K$201,A8) -> 3743.85 | D8: =(B8-B7)/B7 -> -0.42493948
A9: 45505 | B9: =SUMIFS(data!$E$2:$E$201,data!$K$2:$K$201,A9) -> 10091.7 | C9: =SUMIFS(data!$I$2:$I$201,data!$K$2:$K$201,A9) -> 3302.84 | D9: =(B9-B8)/B8 -> -0.13070331
A10: 45536 | B10: =SUMIFS(data!$E$2:$E$201,data!$K$2:$K$201,A10) -> 20533.5 | C10: =SUMIFS(data!$I$2:$I$201,data!$K$2:$K$201,A10) -> 7457.52 | D10: =(B10-B9)/B9 -> 1.0346919
A11: 45566 | B11: =SUMIFS(data!$E$2:$E$201,data!$K$2:$K$201,A11) -> 14215.24 | C11: =SUMIFS(data!$I$2:$I$201,data!$K$2:$K$201,A11) -> 4861.7 | D11: =(B11-B10)/B10 -> -0.30770497
A12: 45597 | B12: =SUMIFS(data!$E$2:$E$201,data!$K$2:$K$201,A12) -> 20135.03 | C12: =SUMIFS(data!$I$2:$I$201,data!$K$2:$K$201,A12) -> 6814.88 | D12: =(B12-B11)/B11 -> 0.41643968
A13: 45627 | B13: =SUMIFS(data!$E$2:$E$201,data!$K$2:$K$201,A13) -> 11120.04 | C13: =SUMIFS(data!$I$2:$I$201,data!$K$2:$K$201,A13) -> 3549.99 | D13: =(B13-B12)/B12 -> -0.44772667
A14: 45658 | B14: =SUMIFS(data!$E$2:$E$201,data!$K$2:$K$201,A14) -> 14914.65 | C14: =SUMIFS(data!$I$2:$I$201,data!$K$2:$K$201,A14) -> 5763.4 | D14: =(B14-B13)/B13 -> 0.34124068
A15: 45689 | B15: =SUMIFS(data!$E$2:$E$201,data!$K$2:$K$201,A15) -> 14006.36 | C15: =SUMIFS(data!$I$2:$I$201,data!$K$2:$K$201,A15) -> 5039.23 | D15: =(B15-B14)/B14 -> -0.060899183
A16: 45717 | B16: =SUMIFS(data!$E$2:$E$201,data!$K$2:$K$201,A16) -> 17655.22 | C16: =SUMIFS(data!$I$2:$I$201,data!$K$2:$K$201,A16) -> 7071.39 | D16: =(B16-B15)/B15 -> 0.26051451
A17: 45748 | B17: =SUMIFS(data!$E$2:$E$201,data!$K$2:$K$201,A17) -> 3212.17 | C17: =SUMIFS(data!$I$2:$I$201,data!$K$2:$K$201,A17) -> 1398.85 | D17: =(B17-B16)/B16 -> -0.81806117

Sheet DescriptiveStats
A1: DESCRIPTIVE STATISTICS
A2: Metric | B2: Sales | C2: Quantiy | D2: Discount | E2: Profit
A3: Mean | B3: 975.78729 | C3: 10.025126 | D3: 0.096733668 | E3: 341.48472
A4: Standard Error | B4: 21.266301 | C4: 0.40014446 | D4: 0.0051137433 | E4: 9.6483541
A5: Median | B5: 973.26 | C5: 10 | D5: 0.1 | E5: 332.32
A6: Mode | B6: #N/A | C6: 8 | D6: 0 | E6: #N/A
A7: Standard Deviation | B7: 299.99809 | C7: 5.6447322 | D7: 0.072138226 | E7: 136.10678
A8: Sample Variance | B8: 89998.856 | C8: 31.863002 | D8: 0.0052039237 | E8: 18525.057
A9: Kurtosis | B9: -0.10144708 | C9: -1.2052158 | D9: -1.3175588 | E9: 0.24746466
A10: Skewness | B10: 0.14954552 | C10: 0.051156001 | D10: 0.10503298 | E10: 0.57090181
A11: Range | B11: 1665.15 | C11: 18 | D11: 0.2 | E11: 704.83
A12: Minimum | B12: 258.51 | C12: 1 | D12: 0 | E12: 64.63
A13: Maximum | B13: 1923.66 | C13: 19 | D13: 0.2 | E13: 769.46
A14: Sum | B14: 194181.67 | C14: 1995 | D14: 19.25 | E14: 67955.46
A15: Count | B15: 199 | C15: 199 | D15: 199 | E15: 199

Sheet Regression
A1: REGRESSION: Profit vs Sales
A3: Regression Statistics
A4: Multiple R | B4: 0.77356566
A5: R Square | B5: 0.59840384
A6: Adjusted R Square | B6: 0.59636528
A7: Standard Error | B7: 190.59555
A8: Observations | B8: 199
B11: df | C11: SS | D11: MS | E11: F | F11: Significance F
A12: Regression | B12: 1 | C12: 10663421 | D12: 10663421 | E12: 293.54254 | F12: 6.8782376e-41
A13: Residual | B13: 197 | C13: 7156352.7 | D13: 36326.663
A14: Total | B14: 198 | C14: 17819774
B16: Coefficients | C16: Standard Error | D16: t Stat | E16: P-value | F16: Lower 95% | G16: Upper 95% | H16: Lower 95.0% | I16: Upper 95.0%
A17: Intercept | B17: 393.54038 | C17: 36.571071 | D17: 10.760975 | E17: 1.5404304e-21 | F17: 321.41934 | G17: 465.66143 | H17: 321.41934 | I17: 465.66143
A18: 331.55 | B18: 1.7050452 | C18: 0.099517713 | D18: 17.133083 | E18: 6.8782376e-41 | F18: 1.5087884 | G18: 1.901302 | H18: 1.5087884 | I18: 1.901302

Sheet PivotTable
E1: TOTAL SALES BY REGION AND PRODUCT
B10: Sum of Sales | C10: Column Labels
B11: Row Labels | C11: Central | D11: East | E11: North | F11: South | G11: West | H11: Grand Total
B12: Books | C12: 11297.15 | D12: 11389.09 | E12: 8037.01 | F12: 9588.04 | G12: 6691.17 | H12: 47002.46
B13: Clothing | C13: 12200.26 | D13: 2401.45 | E13: 8422.82 | F13: 8393.63 | G13: 10509.43 | H13: 41927.59
B14: Electronics | C14: 6621.24 | D14: 2869.54 | E14: 8191.71 | F14: 11989.07 | G14: 11372.44 | H14: 41044
B15: Furniture | C15: 4876.96 | D15: 7592.34 | E15: 6978.08 | F15: 7982.73 | G15: 9182.78 | H15: 36612.89
B16: Office Supplies | C16: 8472.72 | D16: 8189.22 | E16: 3345.8 | F16: 2295.32 | G16: 6327.76 | H16: 28630.82
B17: Grand Total | C17: 43468.33 | D17: 32441.64 | E17: 34975.42 | F17: 40248.79 | G17: 44083.58 | H17: 195217.76

Sheet Dashboard tabal
A3: Product_Category | B3: Sum of Profit | D3: Region | E3: Sum of Sales
A4: Books | B4: 16901.63 | D4: Central | E4: 43468.33
A5: Clothing | B5: 18784.49 | D5: East | E5: 32441.64
A6: Electronics | B6: 9182.15 | D6: North | E6: 34975.42
A7: Furniture | B7: 11579.14 | D7: South | E7: 40248.79
A8: Office Supplies | B8: 11839.6 | D8: West | E8: 44083.58
A12: Row Labels | B12: Sum of Rank | D12: Row Labels | E12: Sum of Sales
A13: David Brown | B13: 3 | D13: Central | E13: 43468.33
A14: Emma Davis | B14: 4 | D14: East | E14: 32441.64
A15: Emma Wilson | B15: 7 | D15: North | E15: 34975.42
A16: James Wilson | B16: 1 | D16: South | E16: 40248.79
A17: Linda Wilson | B17: 5 | D17: West | E17: 44083.58
A18: Lisa Davis | B18: 9 | D18: Grand Total | E18: 195217.76
A19: Lisa Thomas | B19: 6
A20: Mary Davis | B20: 2
A21: Michael Anderson | B21: 10
A22: Robert Anderson | B22: 8
A23: Grand Total | B23: 55
